"0","recode(ASX_Data_Lower$GICS_industry_group, ""Not Applic""=""NA"")
"
"1","   [1]"
"1"," ""Capital Goods""                                 "
"1","
"
"1","   [2]"
"1"," ""Capital Goods""                                 "
"1","
"
"1","   [3]"
"1"," ""Capital Goods""                                 "
"1","
"
"1","   [4]"
"1"," ""Capital Goods""                                 "
"1","
"
"1","   [5]"
"1"," ""Capital Goods""                                 "
"1","
"
"1","   [6]"
"1"," ""Capital Goods""                                 "
"1","
"
"1","   [7]"
"1"," ""Capital Goods""                                 "
"1","
"
"1","   [8]"
"1"," ""Capital Goods""                                 "
"1","
"
"1","   [9]"
"1"," ""Capital Goods""                                 "
"1","
"
"1","  [10]"
"1"," ""Capital Goods""                                 "
"1","
"
"1","  [11]"
"1"," ""Capital Goods""                                 "
"1","
"
"1","  [12]"
"1"," ""Capital Goods""                                 "
"1","
"
"1","  [13]"
"1"," ""Capital Goods""                                 "
"1","
"
"1","  [14]"
"1"," ""Capital Goods""                                 "
"1","
"
"1","  [15]"
"1"," ""Capital Goods""                                 "
"1","
"
"1","  [16]"
"1"," ""Capital Goods""                                 "
"1","
"
"1","  [17]"
"1"," ""Capital Goods""                                 "
"1","
"
"1","  [18]"
"1"," ""Capital Goods""                                 "
"1","
"
"1","  [19]"
"1"," ""Capital Goods""                                 "
"1","
"
"1","  [20]"
"1"," ""Capital Goods""                                 "
"1","
"
"1","  [21]"
"1"," ""Capital Goods""                                 "
"1","
"
"1","  [22]"
"1"," ""Capital Goods""                                 "
"1","
"
"1","  [23]"
"1"," ""Capital Goods""                                 "
"1","
"
"1","  [24]"
"1"," ""Capital Goods""                                 "
"1","
"
"1","  [25]"
"1"," ""Capital Goods""                                 "
"1","
"
"1","  [26]"
"1"," ""Capital Goods""                                 "
"1","
"
"1","  [27]"
"1"," ""Capital Goods""                                 "
"1","
"
"1","  [28]"
"1"," ""Capital Goods""                                 "
"1","
"
"1","  [29]"
"1"," ""Capital Goods""                                 "
"1","
"
"1","  [30]"
"1"," ""Capital Goods""                                 "
"1","
"
"1","  [31]"
"1"," ""Capital Goods""                                 "
"1","
"
"1","  [32]"
"1"," ""Capital Goods""                                 "
"1","
"
"1","  [33]"
"1"," ""Capital Goods""                                 "
"1","
"
"1","  [34]"
"1"," ""Capital Goods""                                 "
"1","
"
"1","  [35]"
"1"," ""Capital Goods""                                 "
"1","
"
"1","  [36]"
"1"," ""Capital Goods""                                 "
"1","
"
"1","  [37]"
"1"," ""Capital Goods""                                 "
"1","
"
"1","  [38]"
"1"," ""Capital Goods""                                 "
"1","
"
"1","  [39]"
"1"," ""Capital Goods""                                 "
"1","
"
"1","  [40]"
"1"," ""Capital Goods""                                 "
"1","
"
"1","  [41]"
"1"," ""Capital Goods""                                 "
"1","
"
"1","  [42]"
"1"," ""Capital Goods""                                 "
"1","
"
"1","  [43]"
"1"," ""Capital Goods""                                 "
"1","
"
"1","  [44]"
"1"," ""Capital Goods""                                 "
"1","
"
"1","  [45]"
"1"," ""Capital Goods""                                 "
"1","
"
"1","  [46]"
"1"," ""Capital Goods""                                 "
"1","
"
"1","  [47]"
"1"," ""Capital Goods""                                 "
"1","
"
"1","  [48]"
"1"," ""Capital Goods""                                 "
"1","
"
"1","  [49]"
"1"," ""Capital Goods""                                 "
"1","
"
"1","  [50]"
"1"," ""Capital Goods""                                 "
"1","
"
"1","  [51]"
"1"," ""Capital Goods""                                 "
"1","
"
"1","  [52]"
"1"," ""Capital Goods""                                 "
"1","
"
"1","  [53]"
"1"," ""Capital Goods""                                 "
"1","
"
"1","  [54]"
"1"," ""Capital Goods""                                 "
"1","
"
"1","  [55]"
"1"," ""Capital Goods""                                 "
"1","
"
"1","  [56]"
"1"," ""Capital Goods""                                 "
"1","
"
"1","  [57]"
"1"," ""Capital Goods""                                 "
"1","
"
"1","  [58]"
"1"," ""Capital Goods""                                 "
"1","
"
"1","  [59]"
"1"," ""Capital Goods""                                 "
"1","
"
"1","  [60]"
"1"," ""Capital Goods""                                 "
"1","
"
"1","  [61]"
"1"," ""Capital Goods""                                 "
"1","
"
"1","  [62]"
"1"," ""Capital Goods""                                 "
"1","
"
"1","  [63]"
"1"," ""Capital Goods""                                 "
"1","
"
"1","  [64]"
"1"," ""Capital Goods""                                 "
"1","
"
"1","  [65]"
"1"," ""Capital Goods""                                 "
"1","
"
"1","  [66]"
"1"," ""Capital Goods""                                 "
"1","
"
"1","  [67]"
"1"," ""Capital Goods""                                 "
"1","
"
"1","  [68]"
"1"," ""Capital Goods""                                 "
"1","
"
"1","  [69]"
"1"," ""Capital Goods""                                 "
"1","
"
"1","  [70]"
"1"," ""Capital Goods""                                 "
"1","
"
"1","  [71]"
"1"," ""Capital Goods""                                 "
"1","
"
"1","  [72]"
"1"," ""Capital Goods""                                 "
"1","
"
"1","  [73]"
"1"," ""Pharmaceuticals, Biotechnology & Life Sciences"""
"1","
"
"1","  [74]"
"1"," ""Pharmaceuticals, Biotechnology & Life Sciences"""
"1","
"
"1","  [75]"
"1"," ""Pharmaceuticals, Biotechnology & Life Sciences"""
"1","
"
"1","  [76]"
"1"," ""Pharmaceuticals, Biotechnology & Life Sciences"""
"1","
"
"1","  [77]"
"1"," ""Pharmaceuticals, Biotechnology & Life Sciences"""
"1","
"
"1","  [78]"
"1"," ""Pharmaceuticals, Biotechnology & Life Sciences"""
"1","
"
"1","  [79]"
"1"," ""Pharmaceuticals, Biotechnology & Life Sciences"""
"1","
"
"1","  [80]"
"1"," ""Pharmaceuticals, Biotechnology & Life Sciences"""
"1","
"
"1","  [81]"
"1"," ""Pharmaceuticals, Biotechnology & Life Sciences"""
"1","
"
"1","  [82]"
"1"," ""Pharmaceuticals, Biotechnology & Life Sciences"""
"1","
"
"1","  [83]"
"1"," ""Pharmaceuticals, Biotechnology & Life Sciences"""
"1","
"
"1","  [84]"
"1"," ""Pharmaceuticals, Biotechnology & Life Sciences"""
"1","
"
"1","  [85]"
"1"," ""Pharmaceuticals, Biotechnology & Life Sciences"""
"1","
"
"1","  [86]"
"1"," ""Pharmaceuticals, Biotechnology & Life Sciences"""
"1","
"
"1","  [87]"
"1"," ""Pharmaceuticals, Biotechnology & Life Sciences"""
"1","
"
"1","  [88]"
"1"," ""Pharmaceuticals, Biotechnology & Life Sciences"""
"1","
"
"1","  [89]"
"1"," ""Pharmaceuticals, Biotechnology & Life Sciences"""
"1","
"
"1","  [90]"
"1"," ""Pharmaceuticals, Biotechnology & Life Sciences"""
"1","
"
"1","  [91]"
"1"," ""Pharmaceuticals, Biotechnology & Life Sciences"""
"1","
"
"1","  [92]"
"1"," ""Pharmaceuticals, Biotechnology & Life Sciences"""
"1","
"
"1","  [93]"
"1"," ""Pharmaceuticals, Biotechnology & Life Sciences"""
"1","
"
"1","  [94]"
"1"," ""Pharmaceuticals, Biotechnology & Life Sciences"""
"1","
"
"1","  [95]"
"1"," ""Pharmaceuticals, Biotechnology & Life Sciences"""
"1","
"
"1","  [96]"
"1"," ""Pharmaceuticals, Biotechnology & Life Sciences"""
"1","
"
"1","  [97]"
"1"," ""Pharmaceuticals, Biotechnology & Life Sciences"""
"1","
"
"1","  [98]"
"1"," ""Pharmaceuticals, Biotechnology & Life Sciences"""
"1","
"
"1","  [99]"
"1"," ""Pharmaceuticals, Biotechnology & Life Sciences"""
"1","
"
"1"," [100]"
"1"," ""Pharmaceuticals, Biotechnology & Life Sciences"""
"1","
"
"1"," [101]"
"1"," ""Pharmaceuticals, Biotechnology & Life Sciences"""
"1","
"
"1"," [102]"
"1"," ""Pharmaceuticals, Biotechnology & Life Sciences"""
"1","
"
"1"," [103]"
"1"," ""Pharmaceuticals, Biotechnology & Life Sciences"""
"1","
"
"1"," [104]"
"1"," ""Pharmaceuticals, Biotechnology & Life Sciences"""
"1","
"
"1"," [105]"
"1"," ""Pharmaceuticals, Biotechnology & Life Sciences"""
"1","
"
"1"," [106]"
"1"," ""Pharmaceuticals, Biotechnology & Life Sciences"""
"1","
"
"1"," [107]"
"1"," ""Commercial & Professional Services""            "
"1","
"
"1"," [108]"
"1"," ""Commercial & Professional Services""            "
"1","
"
"1"," [109]"
"1"," ""Commercial & Professional Services""            "
"1","
"
"1"," [110]"
"1"," ""Commercial & Professional Services""            "
"1","
"
"1"," [111]"
"1"," ""Commercial & Professional Services""            "
"1","
"
"1"," [112]"
"1"," ""Commercial & Professional Services""            "
"1","
"
"1"," [113]"
"1"," ""Commercial & Professional Services""            "
"1","
"
"1"," [114]"
"1"," ""Commercial & Professional Services""            "
"1","
"
"1"," [115]"
"1"," ""Commercial & Professional Services""            "
"1","
"
"1"," [116]"
"1"," ""Commercial & Professional Services""            "
"1","
"
"1"," [117]"
"1"," ""Commercial & Professional Services""            "
"1","
"
"1"," [118]"
"1"," ""Commercial & Professional Services""            "
"1","
"
"1"," [119]"
"1"," ""Commercial & Professional Services""            "
"1","
"
"1"," [120]"
"1"," ""Commercial & Professional Services""            "
"1","
"
"1"," [121]"
"1"," ""Commercial & Professional Services""            "
"1","
"
"1"," [122]"
"1"," ""Commercial & Professional Services""            "
"1","
"
"1"," [123]"
"1"," ""Commercial & Professional Services""            "
"1","
"
"1"," [124]"
"1"," ""Commercial & Professional Services""            "
"1","
"
"1"," [125]"
"1"," ""Commercial & Professional Services""            "
"1","
"
"1"," [126]"
"1"," ""Commercial & Professional Services""            "
"1","
"
"1"," [127]"
"1"," ""Commercial & Professional Services""            "
"1","
"
"1"," [128]"
"1"," ""Commercial & Professional Services""            "
"1","
"
"1"," [129]"
"1"," ""Commercial & Professional Services""            "
"1","
"
"1"," [130]"
"1"," ""Commercial & Professional Services""            "
"1","
"
"1"," [131]"
"1"," ""Commercial & Professional Services""            "
"1","
"
"1"," [132]"
"1"," ""Commercial & Professional Services""            "
"1","
"
"1"," [133]"
"1"," ""Commercial & Professional Services""            "
"1","
"
"1"," [134]"
"1"," ""Commercial & Professional Services""            "
"1","
"
"1"," [135]"
"1"," ""Commercial & Professional Services""            "
"1","
"
"1"," [136]"
"1"," ""Commercial & Professional Services""            "
"1","
"
"1"," [137]"
"1"," ""Commercial & Professional Services""            "
"1","
"
"1"," [138]"
"1"," ""Commercial & Professional Services""            "
"1","
"
"1"," [139]"
"1"," ""Commercial & Professional Services""            "
"1","
"
"1"," [140]"
"1"," ""Commercial & Professional Services""            "
"1","
"
"1"," [141]"
"1"," ""Commercial & Professional Services""            "
"1","
"
"1"," [142]"
"1"," ""Commercial & Professional Services""            "
"1","
"
"1"," [143]"
"1"," ""Consumer Durables & Apparel""                   "
"1","
"
"1"," [144]"
"1"," ""Consumer Durables & Apparel""                   "
"1","
"
"1"," [145]"
"1"," ""Consumer Durables & Apparel""                   "
"1","
"
"1"," [146]"
"1"," ""Consumer Durables & Apparel""                   "
"1","
"
"1"," [147]"
"1"," ""Consumer Durables & Apparel""                   "
"1","
"
"1"," [148]"
"1"," ""Consumer Durables & Apparel""                   "
"1","
"
"1"," [149]"
"1"," ""Consumer Durables & Apparel""                   "
"1","
"
"1"," [150]"
"1"," ""Consumer Durables & Apparel""                   "
"1","
"
"1"," [151]"
"1"," ""Consumer Durables & Apparel""                   "
"1","
"
"1"," [152]"
"1"," ""Health Care Equipment & Services""              "
"1","
"
"1"," [153]"
"1"," ""Health Care Equipment & Services""              "
"1","
"
"1"," [154]"
"1"," ""Health Care Equipment & Services""              "
"1","
"
"1"," [155]"
"1"," ""Health Care Equipment & Services""              "
"1","
"
"1"," [156]"
"1"," ""Health Care Equipment & Services""              "
"1","
"
"1"," [157]"
"1"," ""Health Care Equipment & Services""              "
"1","
"
"1"," [158]"
"1"," ""Health Care Equipment & Services""              "
"1","
"
"1"," [159]"
"1"," ""Health Care Equipment & Services""              "
"1","
"
"1"," [160]"
"1"," ""Health Care Equipment & Services""              "
"1","
"
"1"," [161]"
"1"," ""Health Care Equipment & Services""              "
"1","
"
"1"," [162]"
"1"," ""Health Care Equipment & Services""              "
"1","
"
"1"," [163]"
"1"," ""Health Care Equipment & Services""              "
"1","
"
"1"," [164]"
"1"," ""Health Care Equipment & Services""              "
"1","
"
"1"," [165]"
"1"," ""Health Care Equipment & Services""              "
"1","
"
"1"," [166]"
"1"," ""Health Care Equipment & Services""              "
"1","
"
"1"," [167]"
"1"," ""Health Care Equipment & Services""              "
"1","
"
"1"," [168]"
"1"," ""Health Care Equipment & Services""              "
"1","
"
"1"," [169]"
"1"," ""Health Care Equipment & Services""              "
"1","
"
"1"," [170]"
"1"," ""Health Care Equipment & Services""              "
"1","
"
"1"," [171]"
"1"," ""Health Care Equipment & Services""              "
"1","
"
"1"," [172]"
"1"," ""Health Care Equipment & Services""              "
"1","
"
"1"," [173]"
"1"," ""Health Care Equipment & Services""              "
"1","
"
"1"," [174]"
"1"," ""Health Care Equipment & Services""              "
"1","
"
"1"," [175]"
"1"," ""Health Care Equipment & Services""              "
"1","
"
"1"," [176]"
"1"," ""Health Care Equipment & Services""              "
"1","
"
"1"," [177]"
"1"," ""Health Care Equipment & Services""              "
"1","
"
"1"," [178]"
"1"," ""Health Care Equipment & Services""              "
"1","
"
"1"," [179]"
"1"," ""Health Care Equipment & Services""              "
"1","
"
"1"," [180]"
"1"," ""Health Care Equipment & Services""              "
"1","
"
"1"," [181]"
"1"," ""Health Care Equipment & Services""              "
"1","
"
"1"," [182]"
"1"," ""Health Care Equipment & Services""              "
"1","
"
"1"," [183]"
"1"," ""Health Care Equipment & Services""              "
"1","
"
"1"," [184]"
"1"," ""Health Care Equipment & Services""              "
"1","
"
"1"," [185]"
"1"," ""Health Care Equipment & Services""              "
"1","
"
"1"," [186]"
"1"," ""Health Care Equipment & Services""              "
"1","
"
"1"," [187]"
"1"," ""Health Care Equipment & Services""              "
"1","
"
"1"," [188]"
"1"," ""Health Care Equipment & Services""              "
"1","
"
"1"," [189]"
"1"," ""Health Care Equipment & Services""              "
"1","
"
"1"," [190]"
"1"," ""Health Care Equipment & Services""              "
"1","
"
"1"," [191]"
"1"," ""Software & Services""                           "
"1","
"
"1"," [192]"
"1"," ""Software & Services""                           "
"1","
"
"1"," [193]"
"1"," ""Software & Services""                           "
"1","
"
"1"," [194]"
"1"," ""Software & Services""                           "
"1","
"
"1"," [195]"
"1"," ""Software & Services""                           "
"1","
"
"1"," [196]"
"1"," ""Software & Services""                           "
"1","
"
"1"," [197]"
"1"," ""Software & Services""                           "
"1","
"
"1"," [198]"
"1"," ""Software & Services""                           "
"1","
"
"1"," [199]"
"1"," ""Software & Services""                           "
"1","
"
"1"," [200]"
"1"," ""Software & Services""                           "
"1","
"
"1"," [201]"
"1"," ""Software & Services""                           "
"1","
"
"1"," [202]"
"1"," ""Software & Services""                           "
"1","
"
"1"," [203]"
"1"," ""Software & Services""                           "
"1","
"
"1"," [204]"
"1"," ""Software & Services""                           "
"1","
"
"1"," [205]"
"1"," ""Software & Services""                           "
"1","
"
"1"," [206]"
"1"," ""Software & Services""                           "
"1","
"
"1"," [207]"
"1"," ""Software & Services""                           "
"1","
"
"1"," [208]"
"1"," ""Software & Services""                           "
"1","
"
"1"," [209]"
"1"," ""Software & Services""                           "
"1","
"
"1"," [210]"
"1"," ""Software & Services""                           "
"1","
"
"1"," [211]"
"1"," ""Software & Services""                           "
"1","
"
"1"," [212]"
"1"," ""Software & Services""                           "
"1","
"
"1"," [213]"
"1"," ""Software & Services""                           "
"1","
"
"1"," [214]"
"1"," ""Software & Services""                           "
"1","
"
"1"," [215]"
"1"," ""Software & Services""                           "
"1","
"
"1"," [216]"
"1"," ""Software & Services""                           "
"1","
"
"1"," [217]"
"1"," ""Software & Services""                           "
"1","
"
"1"," [218]"
"1"," ""Software & Services""                           "
"1","
"
"1"," [219]"
"1"," ""Software & Services""                           "
"1","
"
"1"," [220]"
"1"," ""Software & Services""                           "
"1","
"
"1"," [221]"
"1"," ""Software & Services""                           "
"1","
"
"1"," [222]"
"1"," ""Software & Services""                           "
"1","
"
"1"," [223]"
"1"," ""Software & Services""                           "
"1","
"
"1"," [224]"
"1"," ""Software & Services""                           "
"1","
"
"1"," [225]"
"1"," ""Software & Services""                           "
"1","
"
"1"," [226]"
"1"," ""Software & Services""                           "
"1","
"
"1"," [227]"
"1"," ""Software & Services""                           "
"1","
"
"1"," [228]"
"1"," ""Software & Services""                           "
"1","
"
"1"," [229]"
"1"," ""Software & Services""                           "
"1","
"
"1"," [230]"
"1"," ""Software & Services""                           "
"1","
"
"1"," [231]"
"1"," ""Software & Services""                           "
"1","
"
"1"," [232]"
"1"," ""Software & Services""                           "
"1","
"
"1"," [233]"
"1"," ""Software & Services""                           "
"1","
"
"1"," [234]"
"1"," ""Software & Services""                           "
"1","
"
"1"," [235]"
"1"," ""Software & Services""                           "
"1","
"
"1"," [236]"
"1"," ""Software & Services""                           "
"1","
"
"1"," [237]"
"1"," ""Software & Services""                           "
"1","
"
"1"," [238]"
"1"," ""Software & Services""                           "
"1","
"
"1"," [239]"
"1"," ""Software & Services""                           "
"1","
"
"1"," [240]"
"1"," ""Software & Services""                           "
"1","
"
"1"," [241]"
"1"," ""Software & Services""                           "
"1","
"
"1"," [242]"
"1"," ""Software & Services""                           "
"1","
"
"1"," [243]"
"1"," ""Software & Services""                           "
"1","
"
"1"," [244]"
"1"," ""Software & Services""                           "
"1","
"
"1"," [245]"
"1"," ""Software & Services""                           "
"1","
"
"1"," [246]"
"1"," ""Software & Services""                           "
"1","
"
"1"," [247]"
"1"," ""Software & Services""                           "
"1","
"
"1"," [248]"
"1"," ""Software & Services""                           "
"1","
"
"1"," [249]"
"1"," ""Software & Services""                           "
"1","
"
"1"," [250]"
"1"," ""Software & Services""                           "
"1","
"
"1"," [251]"
"1"," ""Software & Services""                           "
"1","
"
"1"," [252]"
"1"," ""Software & Services""                           "
"1","
"
"1"," [253]"
"1"," ""Software & Services""                           "
"1","
"
"1"," [254]"
"1"," ""Software & Services""                           "
"1","
"
"1"," [255]"
"1"," ""Software & Services""                           "
"1","
"
"1"," [256]"
"1"," ""Software & Services""                           "
"1","
"
"1"," [257]"
"1"," ""Software & Services""                           "
"1","
"
"1"," [258]"
"1"," ""Software & Services""                           "
"1","
"
"1"," [259]"
"1"," ""Software & Services""                           "
"1","
"
"1"," [260]"
"1"," ""Software & Services""                           "
"1","
"
"1"," [261]"
"1"," ""Materials""                                     "
"1","
"
"1"," [262]"
"1"," ""Materials""                                     "
"1","
"
"1"," [263]"
"1"," ""Materials""                                     "
"1","
"
"1"," [264]"
"1"," ""Materials""                                     "
"1","
"
"1"," [265]"
"1"," ""Materials""                                     "
"1","
"
"1"," [266]"
"1"," ""Materials""                                     "
"1","
"
"1"," [267]"
"1"," ""Materials""                                     "
"1","
"
"1"," [268]"
"1"," ""Materials""                                     "
"1","
"
"1"," [269]"
"1"," ""Materials""                                     "
"1","
"
"1"," [270]"
"1"," ""Materials""                                     "
"1","
"
"1"," [271]"
"1"," ""Materials""                                     "
"1","
"
"1"," [272]"
"1"," ""Materials""                                     "
"1","
"
"1"," [273]"
"1"," ""Materials""                                     "
"1","
"
"1"," [274]"
"1"," ""Materials""                                     "
"1","
"
"1"," [275]"
"1"," ""Materials""                                     "
"1","
"
"1"," [276]"
"1"," ""Materials""                                     "
"1","
"
"1"," [277]"
"1"," ""Materials""                                     "
"1","
"
"1"," [278]"
"1"," ""Materials""                                     "
"1","
"
"1"," [279]"
"1"," ""Materials""                                     "
"1","
"
"1"," [280]"
"1"," ""Materials""                                     "
"1","
"
"1"," [281]"
"1"," ""Materials""                                     "
"1","
"
"1"," [282]"
"1"," ""Materials""                                     "
"1","
"
"1"," [283]"
"1"," ""Materials""                                     "
"1","
"
"1"," [284]"
"1"," ""Materials""                                     "
"1","
"
"1"," [285]"
"1"," ""Materials""                                     "
"1","
"
"1"," [286]"
"1"," ""Materials""                                     "
"1","
"
"1"," [287]"
"1"," ""Materials""                                     "
"1","
"
"1"," [288]"
"1"," ""Materials""                                     "
"1","
"
"1"," [289]"
"1"," ""Materials""                                     "
"1","
"
"1"," [290]"
"1"," ""Materials""                                     "
"1","
"
"1"," [291]"
"1"," ""Materials""                                     "
"1","
"
"1"," [292]"
"1"," ""Materials""                                     "
"1","
"
"1"," [293]"
"1"," ""Materials""                                     "
"1","
"
"1"," [294]"
"1"," ""Materials""                                     "
"1","
"
"1"," [295]"
"1"," ""Materials""                                     "
"1","
"
"1"," [296]"
"1"," ""Materials""                                     "
"1","
"
"1"," [297]"
"1"," ""Materials""                                     "
"1","
"
"1"," [298]"
"1"," ""Materials""                                     "
"1","
"
"1"," [299]"
"1"," ""Materials""                                     "
"1","
"
"1"," [300]"
"1"," ""Materials""                                     "
"1","
"
"1"," [301]"
"1"," ""Materials""                                     "
"1","
"
"1"," [302]"
"1"," ""Materials""                                     "
"1","
"
"1"," [303]"
"1"," ""Materials""                                     "
"1","
"
"1"," [304]"
"1"," ""Materials""                                     "
"1","
"
"1"," [305]"
"1"," ""Materials""                                     "
"1","
"
"1"," [306]"
"1"," ""Materials""                                     "
"1","
"
"1"," [307]"
"1"," ""Materials""                                     "
"1","
"
"1"," [308]"
"1"," ""Materials""                                     "
"1","
"
"1"," [309]"
"1"," ""Materials""                                     "
"1","
"
"1"," [310]"
"1"," ""Materials""                                     "
"1","
"
"1"," [311]"
"1"," ""Materials""                                     "
"1","
"
"1"," [312]"
"1"," ""Materials""                                     "
"1","
"
"1"," [313]"
"1"," ""Materials""                                     "
"1","
"
"1"," [314]"
"1"," ""Materials""                                     "
"1","
"
"1"," [315]"
"1"," ""Materials""                                     "
"1","
"
"1"," [316]"
"1"," ""Materials""                                     "
"1","
"
"1"," [317]"
"1"," ""Materials""                                     "
"1","
"
"1"," [318]"
"1"," ""Materials""                                     "
"1","
"
"1"," [319]"
"1"," ""Materials""                                     "
"1","
"
"1"," [320]"
"1"," ""Materials""                                     "
"1","
"
"1"," [321]"
"1"," ""Materials""                                     "
"1","
"
"1"," [322]"
"1"," ""Materials""                                     "
"1","
"
"1"," [323]"
"1"," ""Materials""                                     "
"1","
"
"1"," [324]"
"1"," ""Materials""                                     "
"1","
"
"1"," [325]"
"1"," ""Materials""                                     "
"1","
"
"1"," [326]"
"1"," ""Materials""                                     "
"1","
"
"1"," [327]"
"1"," ""Materials""                                     "
"1","
"
"1"," [328]"
"1"," ""Semiconductors & Semiconductor Equipment""      "
"1","
"
"1"," [329]"
"1"," ""Semiconductors & Semiconductor Equipment""      "
"1","
"
"1"," [330]"
"1"," ""Semiconductors & Semiconductor Equipment""      "
"1","
"
"1"," [331]"
"1"," ""Semiconductors & Semiconductor Equipment""      "
"1","
"
"1"," [332]"
"1"," ""Semiconductors & Semiconductor Equipment""      "
"1","
"
"1"," [333]"
"1"," ""Semiconductors & Semiconductor Equipment""      "
"1","
"
"1"," [334]"
"1"," ""Semiconductors & Semiconductor Equipment""      "
"1","
"
"1"," [335]"
"1"," ""Semiconductors & Semiconductor Equipment""      "
"1","
"
"1"," [336]"
"1"," ""Semiconductors & Semiconductor Equipment""      "
"1","
"
"1"," [337]"
"1"," ""Semiconductors & Semiconductor Equipment""      "
"1","
"
"1"," [338]"
"1"," ""Semiconductors & Semiconductor Equipment""      "
"1","
"
"1"," [339]"
"1"," ""Semiconductors & Semiconductor Equipment""      "
"1","
"
"1"," [340]"
"1"," ""Semiconductors & Semiconductor Equipment""      "
"1","
"
"1"," [341]"
"1"," ""Semiconductors & Semiconductor Equipment""      "
"1","
"
"1"," [342]"
"1"," ""Semiconductors & Semiconductor Equipment""      "
"1","
"
"1"," [343]"
"1"," ""Semiconductors & Semiconductor Equipment""      "
"1","
"
"1"," [344]"
"1"," ""Semiconductors & Semiconductor Equipment""      "
"1","
"
"1"," [345]"
"1"," ""Semiconductors & Semiconductor Equipment""      "
"1","
"
"1"," [346]"
"1"," ""Semiconductors & Semiconductor Equipment""      "
"1","
"
"1"," [347]"
"1"," ""Semiconductors & Semiconductor Equipment""      "
"1","
"
"1"," [348]"
"1"," ""Semiconductors & Semiconductor Equipment""      "
"1","
"
"1"," [349]"
"1"," ""Semiconductors & Semiconductor Equipment""      "
"1","
"
"1"," [350]"
"1"," ""Semiconductors & Semiconductor Equipment""      "
"1","
"
"1"," [351]"
"1"," ""Semiconductors & Semiconductor Equipment""      "
"1","
"
"1"," [352]"
"1"," ""Semiconductors & Semiconductor Equipment""      "
"1","
"
"1"," [353]"
"1"," ""Semiconductors & Semiconductor Equipment""      "
"1","
"
"1"," [354]"
"1"," ""Semiconductors & Semiconductor Equipment""      "
"1","
"
"1"," [355]"
"1"," ""Semiconductors & Semiconductor Equipment""      "
"1","
"
"1"," [356]"
"1"," ""Semiconductors & Semiconductor Equipment""      "
"1","
"
"1"," [357]"
"1"," ""Semiconductors & Semiconductor Equipment""      "
"1","
"
"1"," [358]"
"1"," ""Semiconductors & Semiconductor Equipment""      "
"1","
"
"1"," [359]"
"1"," ""Semiconductors & Semiconductor Equipment""      "
"1","
"
"1"," [360]"
"1"," ""Semiconductors & Semiconductor Equipment""      "
"1","
"
"1"," [361]"
"1"," ""Semiconductors & Semiconductor Equipment""      "
"1","
"
"1"," [362]"
"1"," ""Semiconductors & Semiconductor Equipment""      "
"1","
"
"1"," [363]"
"1"," ""Semiconductors & Semiconductor Equipment""      "
"1","
"
"1"," [364]"
"1"," ""Semiconductors & Semiconductor Equipment""      "
"1","
"
"1"," [365]"
"1"," ""Semiconductors & Semiconductor Equipment""      "
"1","
"
"1"," [366]"
"1"," ""Semiconductors & Semiconductor Equipment""      "
"1","
"
"1"," [367]"
"1"," ""Semiconductors & Semiconductor Equipment""      "
"1","
"
"1"," [368]"
"1"," ""Semiconductors & Semiconductor Equipment""      "
"1","
"
"1"," [369]"
"1"," ""Semiconductors & Semiconductor Equipment""      "
"1","
"
"1"," [370]"
"1"," ""Semiconductors & Semiconductor Equipment""      "
"1","
"
"1"," [371]"
"1"," ""Semiconductors & Semiconductor Equipment""      "
"1","
"
"1"," [372]"
"1"," ""Semiconductors & Semiconductor Equipment""      "
"1","
"
"1"," [373]"
"1"," ""Semiconductors & Semiconductor Equipment""      "
"1","
"
"1"," [374]"
"1"," ""Semiconductors & Semiconductor Equipment""      "
"1","
"
"1"," [375]"
"1"," ""Semiconductors & Semiconductor Equipment""      "
"1","
"
"1"," [376]"
"1"," ""Semiconductors & Semiconductor Equipment""      "
"1","
"
"1"," [377]"
"1"," ""Semiconductors & Semiconductor Equipment""      "
"1","
"
"1"," [378]"
"1"," ""Semiconductors & Semiconductor Equipment""      "
"1","
"
"1"," [379]"
"1"," ""Semiconductors & Semiconductor Equipment""      "
"1","
"
"1"," [380]"
"1"," ""Semiconductors & Semiconductor Equipment""      "
"1","
"
"1"," [381]"
"1"," ""Semiconductors & Semiconductor Equipment""      "
"1","
"
"1"," [382]"
"1"," ""Semiconductors & Semiconductor Equipment""      "
"1","
"
"1"," [383]"
"1"," ""Semiconductors & Semiconductor Equipment""      "
"1","
"
"1"," [384]"
"1"," ""Semiconductors & Semiconductor Equipment""      "
"1","
"
"1"," [385]"
"1"," ""Semiconductors & Semiconductor Equipment""      "
"1","
"
"1"," [386]"
"1"," ""Semiconductors & Semiconductor Equipment""      "
"1","
"
"1"," [387]"
"1"," ""Semiconductors & Semiconductor Equipment""      "
"1","
"
"1"," [388]"
"1"," ""Semiconductors & Semiconductor Equipment""      "
"1","
"
"1"," [389]"
"1"," ""Semiconductors & Semiconductor Equipment""      "
"1","
"
"1"," [390]"
"1"," ""Semiconductors & Semiconductor Equipment""      "
"1","
"
"1"," [391]"
"1"," ""Semiconductors & Semiconductor Equipment""      "
"1","
"
"1"," [392]"
"1"," ""Semiconductors & Semiconductor Equipment""      "
"1","
"
"1"," [393]"
"1"," ""Semiconductors & Semiconductor Equipment""      "
"1","
"
"1"," [394]"
"1"," ""Semiconductors & Semiconductor Equipment""      "
"1","
"
"1"," [395]"
"1"," ""Semiconductors & Semiconductor Equipment""      "
"1","
"
"1"," [396]"
"1"," ""Semiconductors & Semiconductor Equipment""      "
"1","
"
"1"," [397]"
"1"," ""Semiconductors & Semiconductor Equipment""      "
"1","
"
"1"," [398]"
"1"," ""Semiconductors & Semiconductor Equipment""      "
"1","
"
"1"," [399]"
"1"," ""Semiconductors & Semiconductor Equipment""      "
"1","
"
"1"," [400]"
"1"," ""Energy""                                        "
"1","
"
"1"," [401]"
"1"," ""Energy""                                        "
"1","
"
"1"," [402]"
"1"," ""Energy""                                        "
"1","
"
"1"," [403]"
"1"," ""Energy""                                        "
"1","
"
"1"," [404]"
"1"," ""Energy""                                        "
"1","
"
"1"," [405]"
"1"," ""Energy""                                        "
"1","
"
"1"," [406]"
"1"," ""Energy""                                        "
"1","
"
"1"," [407]"
"1"," ""Energy""                                        "
"1","
"
"1"," [408]"
"1"," ""Energy""                                        "
"1","
"
"1"," [409]"
"1"," ""Energy""                                        "
"1","
"
"1"," [410]"
"1"," ""Energy""                                        "
"1","
"
"1"," [411]"
"1"," ""Energy""                                        "
"1","
"
"1"," [412]"
"1"," ""Energy""                                        "
"1","
"
"1"," [413]"
"1"," ""Energy""                                        "
"1","
"
"1"," [414]"
"1"," ""Energy""                                        "
"1","
"
"1"," [415]"
"1"," ""Energy""                                        "
"1","
"
"1"," [416]"
"1"," ""Energy""                                        "
"1","
"
"1"," [417]"
"1"," ""Energy""                                        "
"1","
"
"1"," [418]"
"1"," ""Energy""                                        "
"1","
"
"1"," [419]"
"1"," ""Energy""                                        "
"1","
"
"1"," [420]"
"1"," ""Energy""                                        "
"1","
"
"1"," [421]"
"1"," ""Energy""                                        "
"1","
"
"1"," [422]"
"1"," ""Energy""                                        "
"1","
"
"1"," [423]"
"1"," ""Energy""                                        "
"1","
"
"1"," [424]"
"1"," ""Energy""                                        "
"1","
"
"1"," [425]"
"1"," ""Energy""                                        "
"1","
"
"1"," [426]"
"1"," ""Energy""                                        "
"1","
"
"1"," [427]"
"1"," ""Energy""                                        "
"1","
"
"1"," [428]"
"1"," ""Energy""                                        "
"1","
"
"1"," [429]"
"1"," ""Energy""                                        "
"1","
"
"1"," [430]"
"1"," ""Energy""                                        "
"1","
"
"1"," [431]"
"1"," ""Energy""                                        "
"1","
"
"1"," [432]"
"1"," ""Energy""                                        "
"1","
"
"1"," [433]"
"1"," ""Energy""                                        "
"1","
"
"1"," [434]"
"1"," ""Energy""                                        "
"1","
"
"1"," [435]"
"1"," ""Energy""                                        "
"1","
"
"1"," [436]"
"1"," ""Energy""                                        "
"1","
"
"1"," [437]"
"1"," ""Energy""                                        "
"1","
"
"1"," [438]"
"1"," ""Energy""                                        "
"1","
"
"1"," [439]"
"1"," ""Energy""                                        "
"1","
"
"1"," [440]"
"1"," ""Energy""                                        "
"1","
"
"1"," [441]"
"1"," ""Energy""                                        "
"1","
"
"1"," [442]"
"1"," ""Energy""                                        "
"1","
"
"1"," [443]"
"1"," ""Energy""                                        "
"1","
"
"1"," [444]"
"1"," ""Energy""                                        "
"1","
"
"1"," [445]"
"1"," ""Energy""                                        "
"1","
"
"1"," [446]"
"1"," ""Energy""                                        "
"1","
"
"1"," [447]"
"1"," ""Energy""                                        "
"1","
"
"1"," [448]"
"1"," ""Energy""                                        "
"1","
"
"1"," [449]"
"1"," ""Energy""                                        "
"1","
"
"1"," [450]"
"1"," ""Energy""                                        "
"1","
"
"1"," [451]"
"1"," ""Energy""                                        "
"1","
"
"1"," [452]"
"1"," ""Energy""                                        "
"1","
"
"1"," [453]"
"1"," ""Energy""                                        "
"1","
"
"1"," [454]"
"1"," ""Energy""                                        "
"1","
"
"1"," [455]"
"1"," ""Energy""                                        "
"1","
"
"1"," [456]"
"1"," ""Energy""                                        "
"1","
"
"1"," [457]"
"1"," ""Energy""                                        "
"1","
"
"1"," [458]"
"1"," ""Energy""                                        "
"1","
"
"1"," [459]"
"1"," ""Energy""                                        "
"1","
"
"1"," [460]"
"1"," ""Energy""                                        "
"1","
"
"1"," [461]"
"1"," ""Energy""                                        "
"1","
"
"1"," [462]"
"1"," ""Energy""                                        "
"1","
"
"1"," [463]"
"1"," ""Energy""                                        "
"1","
"
"1"," [464]"
"1"," ""Energy""                                        "
"1","
"
"1"," [465]"
"1"," ""Energy""                                        "
"1","
"
"1"," [466]"
"1"," ""Energy""                                        "
"1","
"
"1"," [467]"
"1"," ""Energy""                                        "
"1","
"
"1"," [468]"
"1"," ""Energy""                                        "
"1","
"
"1"," [469]"
"1"," ""Energy""                                        "
"1","
"
"1"," [470]"
"1"," ""Energy""                                        "
"1","
"
"1"," [471]"
"1"," ""Software & Services""                           "
"1","
"
"1"," [472]"
"1"," ""Software & Services""                           "
"1","
"
"1"," [473]"
"1"," ""Software & Services""                           "
"1","
"
"1"," [474]"
"1"," ""Software & Services""                           "
"1","
"
"1"," [475]"
"1"," ""Software & Services""                           "
"1","
"
"1"," [476]"
"1"," ""Software & Services""                           "
"1","
"
"1"," [477]"
"1"," ""Software & Services""                           "
"1","
"
"1"," [478]"
"1"," ""Software & Services""                           "
"1","
"
"1"," [479]"
"1"," ""Software & Services""                           "
"1","
"
"1"," [480]"
"1"," ""Software & Services""                           "
"1","
"
"1"," [481]"
"1"," ""Software & Services""                           "
"1","
"
"1"," [482]"
"1"," ""Software & Services""                           "
"1","
"
"1"," [483]"
"1"," ""Software & Services""                           "
"1","
"
"1"," [484]"
"1"," ""Software & Services""                           "
"1","
"
"1"," [485]"
"1"," ""Software & Services""                           "
"1","
"
"1"," [486]"
"1"," ""Software & Services""                           "
"1","
"
"1"," [487]"
"1"," ""Software & Services""                           "
"1","
"
"1"," [488]"
"1"," ""Software & Services""                           "
"1","
"
"1"," [489]"
"1"," ""Software & Services""                           "
"1","
"
"1"," [490]"
"1"," ""Software & Services""                           "
"1","
"
"1"," [491]"
"1"," ""Software & Services""                           "
"1","
"
"1"," [492]"
"1"," ""Software & Services""                           "
"1","
"
"1"," [493]"
"1"," ""Software & Services""                           "
"1","
"
"1"," [494]"
"1"," ""Software & Services""                           "
"1","
"
"1"," [495]"
"1"," ""Software & Services""                           "
"1","
"
"1"," [496]"
"1"," ""Software & Services""                           "
"1","
"
"1"," [497]"
"1"," ""Software & Services""                           "
"1","
"
"1"," [498]"
"1"," ""Software & Services""                           "
"1","
"
"1"," [499]"
"1"," ""Software & Services""                           "
"1","
"
"1"," [500]"
"1"," ""Software & Services""                           "
"1","
"
"1"," [501]"
"1"," ""Software & Services""                           "
"1","
"
"1"," [502]"
"1"," ""Software & Services""                           "
"1","
"
"1"," [503]"
"1"," ""Software & Services""                           "
"1","
"
"1"," [504]"
"1"," ""Software & Services""                           "
"1","
"
"1"," [505]"
"1"," ""Software & Services""                           "
"1","
"
"1"," [506]"
"1"," ""Software & Services""                           "
"1","
"
"1"," [507]"
"1"," ""Software & Services""                           "
"1","
"
"1"," [508]"
"1"," ""Software & Services""                           "
"1","
"
"1"," [509]"
"1"," ""Software & Services""                           "
"1","
"
"1"," [510]"
"1"," ""Software & Services""                           "
"1","
"
"1"," [511]"
"1"," ""Software & Services""                           "
"1","
"
"1"," [512]"
"1"," ""Software & Services""                           "
"1","
"
"1"," [513]"
"1"," ""Software & Services""                           "
"1","
"
"1"," [514]"
"1"," ""Software & Services""                           "
"1","
"
"1"," [515]"
"1"," ""Software & Services""                           "
"1","
"
"1"," [516]"
"1"," ""NA""                                            "
"1","
"
"1"," [517]"
"1"," ""NA""                                            "
"1","
"
"1"," [518]"
"1"," ""NA""                                            "
"1","
"
"1"," [519]"
"1"," ""NA""                                            "
"1","
"
"1"," [520]"
"1"," ""NA""                                            "
"1","
"
"1"," [521]"
"1"," ""NA""                                            "
"1","
"
"1"," [522]"
"1"," ""NA""                                            "
"1","
"
"1"," [523]"
"1"," ""NA""                                            "
"1","
"
"1"," [524]"
"1"," ""NA""                                            "
"1","
"
"1"," [525]"
"1"," ""NA""                                            "
"1","
"
"1"," [526]"
"1"," ""NA""                                            "
"1","
"
"1"," [527]"
"1"," ""NA""                                            "
"1","
"
"1"," [528]"
"1"," ""NA""                                            "
"1","
"
"1"," [529]"
"1"," ""NA""                                            "
"1","
"
"1"," [530]"
"1"," ""NA""                                            "
"1","
"
"1"," [531]"
"1"," ""NA""                                            "
"1","
"
"1"," [532]"
"1"," ""NA""                                            "
"1","
"
"1"," [533]"
"1"," ""NA""                                            "
"1","
"
"1"," [534]"
"1"," ""NA""                                            "
"1","
"
"1"," [535]"
"1"," ""NA""                                            "
"1","
"
"1"," [536]"
"1"," ""NA""                                            "
"1","
"
"1"," [537]"
"1"," ""NA""                                            "
"1","
"
"1"," [538]"
"1"," ""NA""                                            "
"1","
"
"1"," [539]"
"1"," ""NA""                                            "
"1","
"
"1"," [540]"
"1"," ""NA""                                            "
"1","
"
"1"," [541]"
"1"," ""NA""                                            "
"1","
"
"1"," [542]"
"1"," ""NA""                                            "
"1","
"
"1"," [543]"
"1"," ""NA""                                            "
"1","
"
"1"," [544]"
"1"," ""NA""                                            "
"1","
"
"1"," [545]"
"1"," ""NA""                                            "
"1","
"
"1"," [546]"
"1"," ""NA""                                            "
"1","
"
"1"," [547]"
"1"," ""NA""                                            "
"1","
"
"1"," [548]"
"1"," ""NA""                                            "
"1","
"
"1"," [549]"
"1"," ""NA""                                            "
"1","
"
"1"," [550]"
"1"," ""NA""                                            "
"1","
"
"1"," [551]"
"1"," ""Diversified Financials""                        "
"1","
"
"1"," [552]"
"1"," ""Diversified Financials""                        "
"1","
"
"1"," [553]"
"1"," ""Diversified Financials""                        "
"1","
"
"1"," [554]"
"1"," ""Diversified Financials""                        "
"1","
"
"1"," [555]"
"1"," ""Diversified Financials""                        "
"1","
"
"1"," [556]"
"1"," ""Diversified Financials""                        "
"1","
"
"1"," [557]"
"1"," ""Diversified Financials""                        "
"1","
"
"1"," [558]"
"1"," ""Diversified Financials""                        "
"1","
"
"1"," [559]"
"1"," ""Diversified Financials""                        "
"1","
"
"1"," [560]"
"1"," ""Diversified Financials""                        "
"1","
"
"1"," [561]"
"1"," ""Diversified Financials""                        "
"1","
"
"1"," [562]"
"1"," ""Diversified Financials""                        "
"1","
"
"1"," [563]"
"1"," ""Diversified Financials""                        "
"1","
"
"1"," [564]"
"1"," ""Diversified Financials""                        "
"1","
"
"1"," [565]"
"1"," ""Diversified Financials""                        "
"1","
"
"1"," [566]"
"1"," ""Diversified Financials""                        "
"1","
"
"1"," [567]"
"1"," ""Diversified Financials""                        "
"1","
"
"1"," [568]"
"1"," ""Diversified Financials""                        "
"1","
"
"1"," [569]"
"1"," ""Diversified Financials""                        "
"1","
"
"1"," [570]"
"1"," ""Diversified Financials""                        "
"1","
"
"1"," [571]"
"1"," ""Diversified Financials""                        "
"1","
"
"1"," [572]"
"1"," ""Diversified Financials""                        "
"1","
"
"1"," [573]"
"1"," ""Diversified Financials""                        "
"1","
"
"1"," [574]"
"1"," ""Diversified Financials""                        "
"1","
"
"1"," [575]"
"1"," ""Diversified Financials""                        "
"1","
"
"1"," [576]"
"1"," ""Diversified Financials""                        "
"1","
"
"1"," [577]"
"1"," ""Diversified Financials""                        "
"1","
"
"1"," [578]"
"1"," ""Diversified Financials""                        "
"1","
"
"1"," [579]"
"1"," ""Diversified Financials""                        "
"1","
"
"1"," [580]"
"1"," ""Diversified Financials""                        "
"1","
"
"1"," [581]"
"1"," ""Diversified Financials""                        "
"1","
"
"1"," [582]"
"1"," ""Diversified Financials""                        "
"1","
"
"1"," [583]"
"1"," ""Diversified Financials""                        "
"1","
"
"1"," [584]"
"1"," ""Diversified Financials""                        "
"1","
"
"1"," [585]"
"1"," ""Diversified Financials""                        "
"1","
"
"1"," [586]"
"1"," ""Diversified Financials""                        "
"1","
"
"1"," [587]"
"1"," ""Media & Entertainment""                         "
"1","
"
"1"," [588]"
"1"," ""Software & Services""                           "
"1","
"
"1"," [589]"
"1"," ""Software & Services""                           "
"1","
"
"1"," [590]"
"1"," ""Software & Services""                           "
"1","
"
"1"," [591]"
"1"," ""Software & Services""                           "
"1","
"
"1"," [592]"
"1"," ""Software & Services""                           "
"1","
"
"1"," [593]"
"1"," ""Software & Services""                           "
"1","
"
"1"," [594]"
"1"," ""Software & Services""                           "
"1","
"
"1"," [595]"
"1"," ""Software & Services""                           "
"1","
"
"1"," [596]"
"1"," ""Software & Services""                           "
"1","
"
"1"," [597]"
"1"," ""Software & Services""                           "
"1","
"
"1"," [598]"
"1"," ""Software & Services""                           "
"1","
"
"1"," [599]"
"1"," ""Software & Services""                           "
"1","
"
"1"," [600]"
"1"," ""Software & Services""                           "
"1","
"
"1"," [601]"
"1"," ""Software & Services""                           "
"1","
"
"1"," [602]"
"1"," ""Software & Services""                           "
"1","
"
"1"," [603]"
"1"," ""Software & Services""                           "
"1","
"
"1"," [604]"
"1"," ""Software & Services""                           "
"1","
"
"1"," [605]"
"1"," ""Software & Services""                           "
"1","
"
"1"," [606]"
"1"," ""Software & Services""                           "
"1","
"
"1"," [607]"
"1"," ""Software & Services""                           "
"1","
"
"1"," [608]"
"1"," ""Software & Services""                           "
"1","
"
"1"," [609]"
"1"," ""Software & Services""                           "
"1","
"
"1"," [610]"
"1"," ""Software & Services""                           "
"1","
"
"1"," [611]"
"1"," ""Software & Services""                           "
"1","
"
"1"," [612]"
"1"," ""Software & Services""                           "
"1","
"
"1"," [613]"
"1"," ""Software & Services""                           "
"1","
"
"1"," [614]"
"1"," ""Software & Services""                           "
"1","
"
"1"," [615]"
"1"," ""Software & Services""                           "
"1","
"
"1"," [616]"
"1"," ""Software & Services""                           "
"1","
"
"1"," [617]"
"1"," ""Software & Services""                           "
"1","
"
"1"," [618]"
"1"," ""Software & Services""                           "
"1","
"
"1"," [619]"
"1"," ""Software & Services""                           "
"1","
"
"1"," [620]"
"1"," ""Software & Services""                           "
"1","
"
"1"," [621]"
"1"," ""Software & Services""                           "
"1","
"
"1"," [622]"
"1"," ""Software & Services""                           "
"1","
"
"1"," [623]"
"1"," ""Software & Services""                           "
"1","
"
"1"," [624]"
"1"," ""Software & Services""                           "
"1","
"
"1"," [625]"
"1"," ""Software & Services""                           "
"1","
"
"1"," [626]"
"1"," ""Software & Services""                           "
"1","
"
"1"," [627]"
"1"," ""Software & Services""                           "
"1","
"
"1"," [628]"
"1"," ""Software & Services""                           "
"1","
"
"1"," [629]"
"1"," ""Software & Services""                           "
"1","
"
"1"," [630]"
"1"," ""Software & Services""                           "
"1","
"
"1"," [631]"
"2","
"
