"0","ASX_Html_Pages
"
"1","[[1]]
"
"1","[1]"
"1"," ""https://www.asx.com.au/asx/research/listedCompanies.do?coName=A"""
"1","
"
"1","
"
"1","[[2]]
"
"1","[1]"
"1"," ""https://www.asx.com.au/asx/research/listedCompanies.do?coName=B"""
"1","
"
"1","
"
"1","[[3]]
"
"1","[1]"
"1"," ""https://www.asx.com.au/asx/research/listedCompanies.do?coName=C"""
"1","
"
"1","
"
"1","[[4]]
"
"1","[1]"
"1"," ""https://www.asx.com.au/asx/research/listedCompanies.do?coName=D"""
"1","
"
"1","
"
"1","[[5]]
"
"1","[1]"
"1"," ""https://www.asx.com.au/asx/research/listedCompanies.do?coName=E"""
"1","
"
"1","
"
"1","[[6]]
"
"1","[1]"
"1"," ""https://www.asx.com.au/asx/research/listedCompanies.do?coName=F"""
"1","
"
"1","
"
"1","[[7]]
"
"1","[1]"
"1"," ""https://www.asx.com.au/asx/research/listedCompanies.do?coName=G"""
"1","
"
"1","
"
"1","[[8]]
"
"1","[1]"
"1"," ""https://www.asx.com.au/asx/research/listedCompanies.do?coName=H"""
"1","
"
"1","
"
"1","[[9]]
"
"1","[1]"
"1"," ""https://www.asx.com.au/asx/research/listedCompanies.do?coName=I"""
"1","
"
"1","
"
"1","[[10]]
"
"1","[1]"
"1"," ""https://www.asx.com.au/asx/research/listedCompanies.do?coName=J"""
"1","
"
"1","
"
"1","[[11]]
"
"1","[1]"
"1"," ""https://www.asx.com.au/asx/research/listedCompanies.do?coName=K"""
"1","
"
"1","
"
"1","[[12]]
"
"1","[1]"
"1"," ""https://www.asx.com.au/asx/research/listedCompanies.do?coName=L"""
"1","
"
"1","
"
"1","[[13]]
"
"1","[1]"
"1"," ""https://www.asx.com.au/asx/research/listedCompanies.do?coName=M"""
"1","
"
"1","
"
"1","[[14]]
"
"1","[1]"
"1"," ""https://www.asx.com.au/asx/research/listedCompanies.do?coName=N"""
"1","
"
"1","
"
"1","[[15]]
"
"1","[1]"
"1"," ""https://www.asx.com.au/asx/research/listedCompanies.do?coName=O"""
"1","
"
"1","
"
"1","[[16]]
"
"1","[1]"
"1"," ""https://www.asx.com.au/asx/research/listedCompanies.do?coName=P"""
"1","
"
"1","
"
"1","[[17]]
"
"1","[1]"
"1"," ""https://www.asx.com.au/asx/research/listedCompanies.do?coName=Q"""
"1","
"
"1","
"
"1","[[18]]
"
"1","[1]"
"1"," ""https://www.asx.com.au/asx/research/listedCompanies.do?coName=R"""
"1","
"
"1","
"
"1","[[19]]
"
"1","[1]"
"1"," ""https://www.asx.com.au/asx/research/listedCompanies.do?coName=S"""
"1","
"
"1","
"
"1","[[20]]
"
"1","[1]"
"1"," ""https://www.asx.com.au/asx/research/listedCompanies.do?coName=T"""
"1","
"
"1","
"
"1","[[21]]
"
"1","[1]"
"1"," ""https://www.asx.com.au/asx/research/listedCompanies.do?coName=U"""
"1","
"
"1","
"
"1","[[22]]
"
"1","[1]"
"1"," ""https://www.asx.com.au/asx/research/listedCompanies.do?coName=V"""
"1","
"
"1","
"
"1","[[23]]
"
"1","[1]"
"1"," ""https://www.asx.com.au/asx/research/listedCompanies.do?coName=W"""
"1","
"
"1","
"
"1","[[24]]
"
"1","[1]"
"1"," ""https://www.asx.com.au/asx/research/listedCompanies.do?coName=X"""
"1","
"
"1","
"
"1","[[25]]
"
"1","[1]"
"1"," ""https://www.asx.com.au/asx/research/listedCompanies.do?coName=Y"""
"1","
"
"1","
"
"1","[[26]]
"
"1","[1]"
"1"," ""https://www.asx.com.au/asx/research/listedCompanies.do?coName=Z"""
"1","
"
"1","
"
"1","[[27]]
"
"1","[1]"
"1"," ""https://www.asx.com.au/asx/research/listedCompanies.do?coName=0-9"""
"1","
"
"1","
"
"1","[[28]]
"
"1","[1]"
"1"," ""https://www.asx.com.au/asx/research/listedCompanies.do?coName=0-9"""
"1","
"
"1","
"
